train,train,train,train,valid,valid,valid,valid
MSE,MAE,IC,ICIR,MSE,MAE,IC,ICIR
0.16593306265700666,0.332273730639538,0.004990052375280573,0.043055870774052804,0.041177006428210934,0.16047448571953818,0.7546268222774578,16.20948391572036
0.16431947684018253,0.33068398908158614,0.013363318915907954,0.10860604284021412,0.050288659777474,0.17697024565661626,0.6993669005157828,11.375809283186877
0.1628086107267728,0.3278600258315903,0.022471182808906573,0.1586303933944718,0.04533408677250169,0.16811836850171125,0.7276872892475827,10.59767948323765
0.1630041872590818,0.3292593289229153,0.022670578103200258,0.16841455159579968,0.04386660221016194,0.1660673656532753,0.7392508048077732,13.862394281867914
,,,,0.16445161619712745,0.3301993634930988,0.013467071384636105,0.11494971757769912
,,,,0.16539963903538485,0.3316567314924338,0.005038993769000868,0.04020598256226549
,,,,0.16599667658012068,0.3312490971764167,0.0019086347704911535,0.013358639694572624
,,,,0.16532589821698804,0.33128731264788264,0.007603714449858982,0.058507558129908786
